trade_id,entry_date,exit_date,symbol,strategy,signal_price,fill_price,stop_price,exit_price,R,R_if_rules,followed_rules,violation,emotion
1,2025-02-03,2025-02-26,股票-D,趨勢,115.65,115.83,110.28,122.49,1.2,1.2,Y,,1
2,2025-02-05,2025-02-13,股票-E,均值回歸,98.31,98.42,93.37,92.86,-1.1,-1.1,Y,,3
3,2025-02-11,2025-03-12,股票-E,趨勢,57.78,57.84,54.47,53.86,-1.18,-1.18,Y,,3
4,2025-02-12,2025-03-17,股票-C,趨勢,111.85,112.02,107.16,106.58,-1.12,-1.12,Y,,1
5,2025-02-13,2025-03-03,股票-C,趨勢,113.49,113.49,109.74,118.96,1.46,1.46,Y,,3
6,2025-02-14,2025-03-20,股票-D,趨勢,111.34,111.58,108.01,113.97,0.67,2.06,N,提早停利,5
7,2025-02-17,2025-02-20,ETF-B,均值回歸,46.54,46.53,44.16,43.9,-1.11,-1.11,Y,,2
8,2025-02-19,2025-02-24,股票-D,均值回歸,51.64,51.73,49.99,56.29,2.62,2.62,Y,,2
9,2025-02-26,2025-03-18,股票-E,趨勢,103.57,103.5,98.73,98.73,-1.0,-1.0,Y,,1
10,2025-02-27,2025-03-11,ETF-A,趨勢,45.7,45.77,43.16,57.57,4.52,4.52,Y,,2
11,2025-03-04,2025-03-11,股票-D,均值回歸,79.92,80.15,76.09,86.44,1.55,1.55,Y,,1
12,2025-03-07,2025-03-11,ETF-B,均值回歸,47.24,47.24,45.74,44.47,-1.85,-1.0,N,移動停損（放寬）,5
13,2025-03-10,2025-04-03,股票-D,趨勢,40.53,40.52,38.71,38.57,-1.08,-1.08,Y,,1
14,2025-03-14,2025-03-18,股票-E,均值回歸,57.8,57.9,55.46,62.63,1.94,1.94,Y,,2
15,2025-03-17,2025-03-28,股票-D,趨勢,119.66,119.69,115.04,114.81,-1.05,-1.05,Y,,3
16,2025-03-20,2025-04-08,ETF-B,趨勢,110.88,111.14,106.0,106.41,-0.92,-0.92,Y,,1
17,2025-03-24,2025-04-24,ETF-A,趨勢,40.22,40.26,38.36,43.45,1.68,1.68,Y,,1
18,2025-03-25,2025-03-31,股票-E,均值回歸,43.03,43.11,40.93,48.39,2.42,2.42,Y,,1
19,2025-03-26,2025-04-16,ETF-A,趨勢,69.54,69.65,66.96,71.51,0.69,0.69,Y,,2
20,2025-04-02,2025-04-22,股票-E,趨勢,86.08,86.34,82.76,82.58,-1.05,0.0,N,訊號外進場,5
21,2025-04-04,2025-04-28,ETF-A,趨勢,88.2,88.32,83.46,83.75,-0.94,-0.94,Y,,3
22,2025-04-10,2025-04-17,ETF-B,均值回歸,55.12,55.22,53.02,58.45,1.47,1.47,Y,,3
23,2025-04-15,2025-04-23,股票-E,趨勢,74.81,75.04,70.87,71.25,-0.91,-0.91,Y,,3
24,2025-04-16,2025-04-24,ETF-B,均值回歸,104.24,104.37,98.47,98.82,-0.94,-0.94,Y,,3
25,2025-04-17,2025-05-20,股票-D,趨勢,68.0,68.14,65.5,64.95,-1.21,-1.21,Y,,3
26,2025-04-22,2025-04-29,股票-C,均值回歸,50.07,50.1,47.42,47.23,-1.07,-1.07,Y,,3
27,2025-04-23,2025-05-05,股票-D,趨勢,109.31,109.33,105.8,105.02,-1.22,-1.22,Y,,1
28,2025-04-28,2025-05-05,ETF-B,趨勢,83.44,83.37,80.73,84.56,0.45,2.77,N,提早停利,5
29,2025-04-29,2025-05-05,股票-C,均值回歸,45.64,45.71,43.32,43.15,-1.07,-1.07,Y,,3
30,2025-04-30,2025-05-29,ETF-B,趨勢,58.96,59.14,56.51,63.82,1.78,1.78,Y,,2
31,2025-05-05,2025-05-14,股票-D,均值回歸,104.35,104.66,99.39,98.44,-1.18,-1.18,Y,,3
32,2025-05-07,2025-05-30,ETF-A,趨勢,119.19,119.39,115.51,114.93,-1.15,-1.15,Y,,2
33,2025-05-08,2025-05-30,股票-C,趨勢,83.12,83.22,79.74,79.22,-1.15,-1.15,Y,,2
34,2025-05-12,2025-05-21,ETF-A,均值回歸,112.79,112.8,108.57,124.6,2.79,2.79,Y,,3
35,2025-05-13,2025-05-30,股票-C,趨勢,51.39,51.4,48.7,48.67,-1.01,-1.01,Y,,2
36,2025-05-16,2025-05-30,股票-E,趨勢,42.52,42.5,40.37,46.29,1.78,1.78,Y,,1
